Time,Team,Operation,BuyVolume,SellVolume,EtfPosition,FuturePosition,EtfPrice,FuturePrice,TotalFees,AccountBalance,ProfitOrLoss,Status
1.8e-05,TraderOne_Hedge,Tick,0,0,0,0,,,0,0,0,OK
0.239215,TraderOne_Hedge,Tick,0,0,0,0,,,0,0,0,OK
0.547677,TraderOne_Hedge,Tick,0,0,0,0,,,0,0,0,OK
0.766197,TraderOne_Hedge,Tick,0,0,0,0,,,0,0,0,OK
0.955436,TraderOne_Hedge,Tick,0,10,-10,10,147600,,-147,1147,1147,OK
1.282002,TraderOne_Hedge,Tick,0,10,-10,10,147600,147100,-147,1147,-853,OK
1.477408,TraderOne_Hedge,Tick,1,10,-9,9,147000,147100,-118,1118,2018,OK
1.727793,TraderOne_Hedge,Tick,1,10,-9,9,147000,147100,-118,1118,2018,OK
2.003238,TraderOne_Hedge,Tick,1,10,-9,9,147000,147000,-118,1118,1118,OK
2.248553,TraderOne_Hedge,Tick,1,10,-9,9,147000,146900,-118,1118,218,OK
2.540165,TraderOne_Hedge,Tick,11,10,1,9,146400,146900,-265,-1467735,1065,OK
2.771077,TraderOne_Hedge,Tick,11,10,1,9,146400,146900,-265,-1467735,1065,OK
3.035406,TraderOne_Hedge,Tick,11,10,1,9,146400,146900,-265,-1467735,1065,OK
3.271431,TraderOne_Hedge,Tick,11,10,1,9,146400,146900,-265,-1467735,1065,OK
3.53927,TraderOne_Hedge,Tick,11,20,-9,19,147500,146900,-412,-1466588,612,OK
3.781025,TraderOne_Hedge,Tick,21,20,1,19,146300,146900,-559,-2934441,3359,OK
3.961146,TraderOne_Hedge,Tick,21,20,1,19,146300,146900,-559,-2934441,3359,OK
4.250966,TraderOne_Hedge,Tick,21,20,1,19,146300,146900,-559,-2934441,3359,OK
4.52689,TraderOne_Hedge,Tick,31,20,11,9,146300,146900,-706,-2933294,2506,OK
4.77219,TraderOne_Hedge,Tick,31,20,11,9,146300,146900,-706,-2933294,2506,OK
4.993168,TraderOne_Hedge,Tick,31,20,11,9,146300,146900,-706,-2933294,2506,OK
5.300719,TraderOne_Hedge,Tick,31,20,11,9,146300,146800,-706,-2933294,506,OK
5.488017,TraderOne_Hedge,Tick,31,20,11,9,146300,146800,-706,-2933294,506,OK
5.703716,TraderOne_Hedge,Tick,31,20,11,9,146300,146800,-706,-2933294,506,OK
5.95979,TraderOne_Hedge,Tick,31,30,1,9,147000,146800,-412,-1463588,4612,OK
6.254033,TraderOne_Hedge,Tick,31,30,1,9,147000,146800,-412,-1463588,4612,OK
6.459777,TraderOne_Hedge,Tick,31,40,-9,9,147000,146800,-118,6118,4318,OK
6.75286,TraderOne_Hedge,Tick,31,50,-19,9,147200,146700,176,1475824,5024,OK
6.960412,TraderOne_Hedge,Tick,31,50,-19,9,147200,146900,176,1475824,3024,OK
7.231779,TraderOne_Hedge,Tick,31,50,-19,9,147200,146900,176,1475824,3024,OK
7.5355,TraderOne_Hedge,Tick,31,50,-19,9,147200,146900,176,1475824,3024,OK
7.793269,TraderOne_Hedge,Tick,31,50,-19,9,147200,146900,176,1475824,3024,OK
7.979823,TraderOne_Hedge,Tick,31,50,-19,9,147200,146900,176,1475824,3024,OK
8.25786,TraderOne_Hedge,Tick,31,50,-19,9,147000,146900,176,1475824,4924,OK
8.49523,TraderOne_Hedge,Tick,31,50,-19,9,147000,146900,176,1475824,4924,OK
8.705567,TraderOne_Hedge,Tick,31,50,-19,9,147000,146900,176,1475824,4924,OK
9.006383,TraderOne_Hedge,Tick,41,50,-9,-1,146700,146900,29,1474971,7771,OK
9.221277,TraderOne_Hedge,Tick,51,50,1,-11,146400,146900,322,1477678,8478,OK
9.500565,TraderOne_Hedge,Tick,61,50,11,-21,146400,146900,615,1480385,9185,OK
9.726751,TraderOne_Hedge,Tick,71,50,21,-31,146400,146900,908,1482092,8892,OK
9.960652,TraderOne_Hedge,Tick,71,50,21,-31,146400,146900,908,1482092,8892,OK
10.231477,TraderOne_Hedge,Tick,71,50,21,-31,146400,146900,908,1482092,8892,OK
10.540659,TraderOne_Hedge,Tick,81,50,31,-41,146400,146900,1201,1484799,9599,OK
10.740139,TraderOne_Hedge,Tick,91,50,41,-51,146400,147000,1494,1489506,11306,OK
11.012088,TraderOne_Hedge,Tick,91,60,31,-41,147300,147000,1347,1486653,22853,OK
11.227474,TraderOne_Hedge,Tick,91,60,31,-41,147300,147000,1347,1486653,22853,OK
11.505696,TraderOne_Hedge,Tick,91,60,31,-41,147300,147000,1347,1486653,22853,OK
11.771659,TraderOne_Hedge,Tick,91,70,21,-31,147400,147200,1200,1484800,17000,OK
12.047289,TraderOne_Hedge,Tick,91,70,21,-31,147400,147200,1200,1484800,17000,OK
12.257743,TraderOne_Hedge,Tick,91,70,21,-31,147400,147200,1200,1484800,17000,OK
12.461088,TraderOne_Hedge,Tick,91,70,21,-31,147400,147200,1200,1484800,17000,OK
12.788412,TraderOne_Hedge,Tick,91,70,21,-31,147400,147200,1200,1484800,17000,OK
12.965789,TraderOne_Hedge,Tick,91,70,21,-31,147400,147200,1200,1484800,17000,OK
13.299301,TraderOne_Hedge,Tick,91,70,21,-31,146600,147200,1200,1484800,8600,OK
13.547457,TraderOne_Hedge,Tick,91,70,21,-31,146600,147200,1200,1484800,8600,OK
13.707623,TraderOne_Hedge,Tick,91,70,21,-31,146600,147200,1200,1484800,8600,OK
14.033817,TraderOne_Hedge,Tick,91,70,21,-31,146600,147200,1200,1484800,8600,OK
14.208034,TraderOne_Hedge,Tick,91,70,21,-31,146600,147200,1200,1484800,8600,OK
14.506796,TraderOne_Hedge,Tick,91,70,21,-31,146600,147200,1200,1484800,8600,OK
14.80012,TraderOne_Hedge,Tick,91,70,21,-31,146600,147200,1200,1484800,8600,OK
15.037925,TraderOne_Hedge,Tick,91,70,21,-31,146600,147200,1200,1484800,8600,OK
15.216262,TraderOne_Hedge,Tick,91,70,21,-31,146600,147200,1200,1484800,8600,OK
15.536567,TraderOne_Hedge,Tick,91,70,21,-31,146900,146800,1200,1484800,18900,OK
15.706925,TraderOne_Hedge,Tick,91,70,21,-31,146900,146800,1200,1484800,18900,OK
15.95714,TraderOne_Hedge,Tick,91,80,11,-21,146900,146900,1053,1481947,12947,OK
16.277164,TraderOne_Hedge,Tick,91,80,11,-21,146900,146900,1053,1481947,12947,OK
16.496741,TraderOne_Hedge,Tick,91,80,11,-21,146900,146900,1053,1481947,12947,OK
16.750338,TraderOne_Hedge,Tick,91,80,11,-21,146900,146900,1053,1481947,12947,OK
16.953659,TraderOne_Hedge,Tick,91,80,11,-21,146900,146900,1053,1481947,12947,OK
17.201478,TraderOne_Hedge,Tick,91,80,11,-21,146900,146900,1053,1481947,12947,OK
17.552592,TraderOne_Hedge,Tick,91,80,11,-21,146900,146900,1053,1481947,12947,OK
17.76015,TraderOne_Hedge,Tick,91,80,11,-21,146900,146900,1053,1481947,12947,OK
17.959864,TraderOne_Hedge,Tick,101,80,21,-31,146600,146900,906,1484094,10894,OK
18.28082,TraderOne_Hedge,Tick,101,80,21,-31,146600,146900,906,1484094,10894,OK
18.525306,TraderOne_Hedge,Tick,101,80,21,-31,146600,147100,906,1484094,8894,OK
18.79088,TraderOne_Hedge,Tick,101,80,21,-31,146600,147100,906,1484094,8894,OK
18.985058,TraderOne_Hedge,Tick,101,80,21,-31,146600,147100,906,1484094,8894,OK
19.235805,TraderOne_Hedge,Tick,101,80,21,-31,146600,147100,906,1484094,8894,OK
19.468767,TraderOne_Hedge,Tick,101,80,21,-31,146600,147200,906,1484094,7894,OK
19.767628,TraderOne_Hedge,Tick,101,80,21,-31,146600,147200,906,1484094,7894,OK
19.988905,TraderOne_Hedge,Tick,101,80,21,-31,146600,147200,906,1484094,7894,OK
20.246341,TraderOne_Hedge,Tick,111,80,31,-41,146900,147200,1200,1486800,8600,OK
20.542527,TraderOne_Hedge,Tick,121,80,41,-41,146900,147900,1494,17506,9306,OK
20.770037,TraderOne_Hedge,Tick,131,80,51,-41,147500,147900,1788,-1452788,16012,OK
20.961293,TraderOne_Hedge,Tick,131,90,41,-31,147600,147900,2083,-1456083,14717,OK
21.302907,TraderOne_Hedge,Tick,131,96,35,-25,147600,147900,2260,-1458060,13940,OK
21.455318,TraderOne_Hedge,Tick,131,96,35,-25,147600,147900,2260,-1458060,13940,OK
21.73654,TraderOne_Hedge,Tick,131,96,35,-25,147600,147900,2260,-1458060,13940,OK
21.982913,TraderOne_Hedge,Tick,131,96,35,-25,147600,148000,2260,-1458060,14940,OK
22.234625,TraderOne_Hedge,Tick,131,96,35,-25,147600,148000,2260,-1458060,14940,OK
22.483069,TraderOne_Hedge,Tick,131,96,35,-25,147600,148100,2260,-1458060,15940,OK
22.717077,TraderOne_Hedge,Tick,131,96,35,-25,147600,148200,2260,-1458060,16940,OK
22.99238,TraderOne_Hedge,Tick,131,96,35,-25,147600,148000,2260,-1458060,14940,OK
23.202877,TraderOne_Hedge,Tick,131,96,35,-25,147600,148000,2260,-1458060,14940,OK
23.526362,TraderOne_Hedge,Tick,131,96,35,-25,147600,147700,2260,-1458060,15440,OK
23.746249,TraderOne_Hedge,Tick,131,96,35,-25,147600,147700,2260,-1458060,15440,OK
24.043189,TraderOne_Hedge,Tick,131,96,35,-25,147600,147700,2260,-1458060,15440,OK
24.258588,TraderOne_Hedge,Tick,141,96,45,-35,147400,147700,2555,-1455355,12645,OK
24.512954,TraderOne_Hedge,Tick,141,96,45,-35,147400,147700,2555,-1455355,12645,OK
24.75451,TraderOne_Hedge,Tick,141,96,45,-35,147400,148100,2555,-1455355,16645,OK
24.998124,TraderOne_Hedge,Tick,141,96,45,-35,147400,148100,2555,-1455355,16645,OK
25.209951,TraderOne_Hedge,Tick,151,96,55,-45,147700,148200,2850,-1450650,20350,OK
25.503615,TraderOne_Hedge,Tick,151,96,55,-45,147700,147900,2850,-1450650,17350,OK
25.703703,TraderOne_Hedge,Tick,151,96,55,-45,147700,147900,2850,-1450650,17350,OK
26.000479,TraderOne_Hedge,Tick,151,96,55,-45,147700,147900,2850,-1450650,17350,OK
26.309646,TraderOne_Hedge,Tick,151,96,55,-45,147700,147900,2850,-1450650,17350,OK
26.475776,TraderOne_Hedge,Tick,151,96,55,-45,147400,147900,2850,-1450650,17350,OK
26.75606,TraderOne_Hedge,Tick,151,96,55,-45,147400,147900,2850,-1450650,17350,OK
27.036221,TraderOne_Hedge,Tick,151,96,55,-45,147400,147900,2850,-1450650,17350,OK
27.237141,TraderOne_Hedge,Tick,151,96,55,-45,147400,147900,2850,-1450650,17350,OK
27.532128,TraderOne_Hedge,Tick,151,96,55,-45,147400,147900,2850,-1450650,17350,OK
27.800597,TraderOne_Hedge,Tick,151,96,55,-45,147400,147800,2850,-1450650,16350,OK
28.034096,TraderOne_Hedge,Tick,151,106,45,-35,147200,147800,2702,-1453502,15498,OK
28.211247,TraderOne_Hedge,Tick,151,106,45,-35,147200,147800,2702,-1453502,15498,OK
28.526362,TraderOne_Hedge,Tick,151,116,35,-25,147700,147800,2555,-1456355,18145,OK
28.796046,TraderOne_Hedge,Tick,151,116,35,-25,147700,147600,2555,-1456355,23145,OK
29.012847,TraderOne_Hedge,Tick,151,116,35,-25,147700,147600,2555,-1456355,23145,OK
29.29156,TraderOne_Hedge,Tick,151,116,35,-25,147700,147600,2555,-1456355,23145,OK
29.532142,TraderOne_Hedge,Tick,151,116,35,-25,147700,147600,2555,-1456355,23145,OK
29.701538,TraderOne_Hedge,Tick,151,116,35,-25,147700,147600,2555,-1456355,23145,OK
30.02435,TraderOne_Hedge,Tick,151,126,25,-15,147700,147600,2408,-1458208,20292,OK
30.250645,TraderOne_Hedge,Tick,151,126,25,-15,147700,147600,2408,-1458208,20292,OK
30.535109,TraderOne_Hedge,Tick,151,126,25,-15,147700,147600,2408,-1458208,20292,OK
30.775048,TraderOne_Hedge,Tick,151,126,25,-15,147700,147400,2408,-1458208,20792,OK
31.045086,TraderOne_Hedge,Tick,151,126,25,-15,147700,147400,2408,-1458208,20792,OK
31.207787,TraderOne_Hedge,Tick,161,126,35,-25,147000,147400,2702,-1454502,12498,OK
31.50396,TraderOne_Hedge,Tick,171,126,45,-35,147000,147400,2996,-1450796,14204,OK
31.776872,TraderOne_Hedge,Tick,171,126,45,-35,147000,147400,2996,-1450796,14204,OK
31.978385,TraderOne_Hedge,Tick,171,126,45,-35,147000,147400,2996,-1450796,14204,OK
32.293298,TraderOne_Hedge,Tick,171,126,45,-35,147000,147400,2996,-1450796,14204,OK
32.49986,TraderOne_Hedge,Tick,171,126,45,-35,147000,147400,2996,-1450796,14204,OK
32.758969,TraderOne_Hedge,Tick,171,126,45,-35,147000,147600,2996,-1450796,16204,OK
33.007716,TraderOne_Hedge,Tick,171,126,45,-35,147000,147600,2996,-1450796,16204,OK
33.246952,TraderOne_Hedge,Tick,171,126,45,-35,147000,147600,2996,-1450796,16204,OK
33.52859,TraderOne_Hedge,Tick,171,126,45,-35,147000,147600,2996,-1450796,16204,OK
33.725941,TraderOne_Hedge,Tick,171,126,45,-35,146900,147600,2996,-1450796,16204,OK
34.004167,TraderOne_Hedge,Tick,171,126,45,-35,146900,147600,2996,-1450796,16204,OK
34.289921,TraderOne_Hedge,Tick,171,126,45,-35,146900,147200,2996,-1450796,12204,OK
34.548439,TraderOne_Hedge,Tick,171,126,45,-35,146900,147200,2996,-1450796,12204,OK
34.776212,TraderOne_Hedge,Tick,171,126,45,-35,146900,147200,2996,-1450796,12204,OK
35.027039,TraderOne_Hedge,Tick,171,126,45,-35,146900,147200,2996,-1450796,12204,OK
35.27151,TraderOne_Hedge,Tick,171,126,45,-35,146900,147300,2996,-1450796,13204,OK
35.477591,TraderOne_Hedge,Tick,171,136,35,-25,147100,147400,2849,-1455649,11351,OK
35.727059,TraderOne_Hedge,Tick,171,146,25,-15,147200,147000,3143,-1457943,17057,OK
36.013927,TraderOne_Hedge,Tick,171,146,25,-15,147200,147000,3143,-1457943,17057,OK
36.296264,TraderOne_Hedge,Tick,171,146,25,-15,147200,147000,3143,-1457943,17057,OK
36.50961,TraderOne_Hedge,Tick,171,153,18,-15,147200,147000,3349,-427749,16851,OK
36.770071,TraderOne_Hedge,Tick,171,153,18,-15,147200,147000,3349,-427749,16851,OK
37.013797,TraderOne_Hedge,Tick,171,153,18,-15,147200,147000,3349,-427749,16851,OK
37.225197,TraderOne_Hedge,Tick,171,153,18,-15,147200,147000,3349,-427749,16851,OK
37.501471,TraderOne_Hedge,Tick,171,153,18,-15,147200,147300,3349,-427749,12351,OK
37.735203,TraderOne_Hedge,Tick,171,153,18,-15,147200,147300,3349,-427749,12351,OK
38.002832,TraderOne_Hedge,Tick,171,153,18,-15,147200,147300,3349,-427749,12351,OK
38.233859,TraderOne_Hedge,Tick,171,153,18,-15,147200,147300,3349,-427749,12351,OK
38.509573,TraderOne_Hedge,Tick,171,153,18,-15,147200,147300,3349,-427749,12351,OK
38.744137,TraderOne_Hedge,Tick,171,153,18,-15,147200,147300,3349,-427749,12351,OK
38.95718,TraderOne_Hedge,Tick,171,153,18,-15,147200,147300,3349,-427749,12351,OK
39.253627,TraderOne_Hedge,Tick,181,153,28,-25,147500,147300,3202,-424602,22898,OK
39.459554,TraderOne_Hedge,Tick,181,163,18,-15,147700,147300,3054,-425454,20046,OK
39.763893,TraderOne_Hedge,Tick,181,163,18,-15,147700,147300,3054,-425454,20046,OK
39.988507,TraderOne_Hedge,Tick,181,163,18,-15,147700,147300,3054,-425454,20046,OK
40.28105,TraderOne_Hedge,Tick,181,163,18,-15,147700,147300,3054,-425454,20046,OK
40.509852,TraderOne_Hedge,Tick,181,173,8,-5,147700,147300,2906,-424306,19194,OK
40.71878,TraderOne_Hedge,Tick,181,173,8,-5,147700,147300,2906,-424306,19194,OK
40.992112,TraderOne_Hedge,Tick,181,173,8,-5,147700,147300,2906,-424306,19194,OK
41.259044,TraderOne_Hedge,Tick,181,173,8,-5,147700,147300,2906,-424306,19194,OK
41.484538,TraderOne_Hedge,Tick,181,173,8,-5,147700,147300,2906,-424306,19194,OK
41.717381,TraderOne_Hedge,Tick,181,173,8,-5,147700,147300,2906,-424306,19194,OK
42.047523,TraderOne_Hedge,Tick,181,173,8,-5,147700,147200,2906,-424306,18894,OK
42.277559,TraderOne_Hedge,Tick,181,181,0,3,147400,147200,2788,-424188,17412,OK
42.462262,TraderOne_Hedge,Tick,181,181,0,3,147400,147200,2788,-424188,17412,OK
42.767417,TraderOne_Hedge,Tick,181,181,0,3,147400,147200,2788,-424188,17412,OK
42.98112,TraderOne_Hedge,Tick,181,181,0,3,147400,147200,2788,-424188,17412,OK
43.288384,TraderOne_Hedge,Tick,181,181,0,3,147400,147200,2788,-424188,17412,OK
43.547867,TraderOne_Hedge,Tick,181,181,0,3,147400,147200,2788,-424188,17412,OK
43.750382,TraderOne_Hedge,Tick,181,181,0,3,147400,147400,2788,-424188,18012,OK
44.029687,TraderOne_Hedge,Tick,181,181,0,3,147400,147400,2788,-424188,18012,OK
44.29611,TraderOne_Hedge,Tick,181,181,0,3,147400,147400,2788,-424188,18012,OK
44.467558,TraderOne_Hedge,Tick,181,181,0,3,147400,147400,2788,-424188,18012,OK
44.764429,TraderOne_Hedge,Tick,181,181,0,3,147400,147400,2788,-424188,18012,OK
45.033325,TraderOne_Hedge,Tick,181,181,0,3,147700,147400,2788,-424188,18012,OK
45.23258,TraderOne_Hedge,Tick,181,181,0,3,147700,147500,2788,-424188,18312,OK
45.457029,TraderOne_Hedge,Tick,181,181,0,3,147700,147500,2788,-424188,18312,OK
45.776435,TraderOne_Hedge,Tick,181,191,-10,13,147400,147500,3083,-423483,20017,OK
45.982038,TraderOne_Hedge,Tick,181,191,-10,13,147400,147500,3083,-423483,20017,OK
46.221808,TraderOne_Hedge,Tick,181,191,-10,13,147400,147500,3083,-423483,20017,OK
46.456977,TraderOne_Hedge,Tick,181,191,-10,13,147400,147500,3083,-423483,20017,OK
46.734273,TraderOne_Hedge,Tick,181,191,-10,13,147400,147500,3083,-423483,20017,OK
47.000377,TraderOne_Hedge,Tick,181,199,-18,21,147400,147500,3319,-422119,22181,OK
47.260589,TraderOne_Hedge,Tick,181,199,-18,21,147400,147500,3319,-422119,22181,OK
47.460162,TraderOne_Hedge,Tick,181,199,-18,21,147400,147500,3319,-422119,22181,OK
47.774765,TraderOne_Hedge,Tick,181,199,-18,21,147700,147500,3319,-422119,16781,OK
47.966092,TraderOne_Hedge,Tick,181,199,-18,21,147700,147500,3319,-422119,16781,OK
48.271695,TraderOne_Hedge,Tick,191,199,-8,11,147100,147500,3172,-423972,20128,OK
48.532178,TraderOne_Hedge,Tick,191,199,-8,11,147100,147500,3172,-423972,20128,OK
48.717316,TraderOne_Hedge,Tick,191,199,-8,11,147100,147500,3172,-423972,20128,OK
49.042167,TraderOne_Hedge,Tick,191,199,-8,11,147100,147500,3172,-423972,20128,OK
49.301452,TraderOne_Hedge,Tick,191,199,-8,11,147100,147500,3172,-423972,20128,OK
49.546942,TraderOne_Hedge,Tick,191,199,-8,11,147100,147500,3172,-423972,20128,OK
49.702537,TraderOne_Hedge,Tick,191,199,-8,11,147100,147500,3172,-423972,20128,OK
50.05077,TraderOne_Hedge,Tick,191,199,-8,11,147100,147500,3172,-423972,20128,OK
50.268649,TraderOne_Hedge,Tick,191,199,-8,11,147100,147500,3172,-423972,20128,OK
50.496098,TraderOne_Hedge,Tick,191,199,-8,11,147700,147500,3172,-423972,16928,OK
50.711594,TraderOne_Hedge,Tick,191,199,-8,11,147700,147500,3172,-423972,16928,OK
50.994972,TraderOne_Hedge,Tick,191,199,-8,11,147700,147500,3172,-423972,16928,OK
51.292394,TraderOne_Hedge,Tick,191,199,-8,11,147700,147500,3172,-423972,16928,OK
51.537091,TraderOne_Hedge,Tick,191,199,-8,11,147700,147500,3172,-423972,16928,OK
51.747203,TraderOne_Hedge,Tick,191,199,-8,11,147700,147500,3172,-423972,16928,OK
51.96268,TraderOne_Hedge,Tick,191,199,-8,11,147700,147300,3172,-423972,16328,OK
52.232161,TraderOne_Hedge,Tick,191,199,-8,11,147700,147300,3172,-423972,16328,OK
52.475715,TraderOne_Hedge,Tick,191,199,-8,11,147700,147300,3172,-423972,16328,OK
52.721794,TraderOne_Hedge,Tick,191,199,-8,11,147700,147300,3172,-423972,16328,OK
52.967275,TraderOne_Hedge,Tick,191,199,-8,11,147700,147300,3172,-423972,16328,OK
53.293076,TraderOne_Hedge,Tick,191,199,-8,11,147700,147300,3172,-423972,16328,OK
53.463355,TraderOne_Hedge,Tick,191,199,-8,11,147700,147300,3172,-423972,16328,OK
53.788984,TraderOne_Hedge,Tick,191,199,-8,11,147700,147300,3172,-423972,16328,OK
53.962865,TraderOne_Hedge,Tick,191,199,-8,11,147700,147300,3172,-423972,16328,OK
54.22502,TraderOne_Hedge,Tick,191,199,-8,11,147800,147300,3172,-423972,16328,OK
54.500108,TraderOne_Hedge,Tick,191,199,-8,11,147800,147200,3172,-423972,16028,OK
54.796395,TraderOne_Hedge,Tick,191,199,-8,11,147800,147200,3172,-423972,16028,OK
55.002948,TraderOne_Hedge,Tick,191,199,-8,11,147800,147200,3172,-423972,16028,OK
55.238249,TraderOne_Hedge,Tick,191,199,-8,11,147300,147300,3172,-423972,17928,OK
55.502925,TraderOne_Hedge,Tick,191,199,-8,11,147300,146900,3172,-423972,15128,OK
55.790798,TraderOne_Hedge,Tick,191,209,-18,21,147100,146900,3467,-423267,13833,OK
56.030223,TraderOne_Hedge,Tick,191,209,-18,21,147100,147100,3467,-423267,18033,OK
56.27909,TraderOne_Hedge,Tick,191,209,-18,21,147100,147100,3467,-423267,18033,OK
56.537261,TraderOne_Hedge,Tick,191,209,-18,21,147100,147100,3467,-423267,18033,OK
56.771607,TraderOne_Hedge,Tick,191,209,-18,21,147100,147100,3467,-423267,18033,OK
56.98942,TraderOne_Hedge,Tick,191,209,-18,21,147100,147100,3467,-423267,18033,OK
57.293406,TraderOne_Hedge,Tick,191,209,-18,21,147100,147100,3467,-423267,18033,OK
57.544135,TraderOne_Hedge,Tick,191,209,-18,21,147100,146700,3467,-423267,13233,OK
57.792119,TraderOne_Hedge,Tick,191,215,-24,27,147100,146600,3644,-421644,13356,OK
57.977714,TraderOne_Hedge,Tick,191,215,-24,27,147100,146600,3644,-421644,13356,OK
58.286744,TraderOne_Hedge,Tick,191,215,-24,27,147100,146700,3644,-421644,13656,OK
58.490013,TraderOne_Hedge,Tick,191,215,-24,27,147100,146700,3644,-421644,13656,OK
58.771283,TraderOne_Hedge,Tick,191,215,-24,27,147100,146700,3644,-421644,13656,OK
58.994892,TraderOne_Hedge,Tick,191,215,-24,27,147100,146700,3644,-421644,13656,OK
59.309846,TraderOne_Hedge,Tick,191,215,-24,27,147100,146500,3644,-421644,13056,OK
59.453796,TraderOne_Hedge,Tick,191,225,-34,37,147000,146500,3938,-417938,14762,OK
59.76425,TraderOne_Hedge,Tick,191,225,-34,37,147000,146500,3938,-417938,14762,OK
59.996552,TraderOne_Hedge,Tick,191,225,-34,37,147000,146500,3938,-417938,14762,OK
60.298891,TraderOne_Hedge,Tick,191,225,-34,37,147000,146700,3938,-417938,15362,OK
60.508507,TraderOne_Hedge,Tick,191,225,-34,37,147000,146700,3938,-417938,15362,OK
60.705402,TraderOne_Hedge,Tick,191,225,-34,37,147000,146600,3938,-417938,15062,OK
61.03716,TraderOne_Hedge,Tick,191,225,-34,37,147000,146500,3938,-417938,14762,OK
61.202589,TraderOne_Hedge,Tick,191,225,-34,37,147000,146500,3938,-417938,14762,OK
61.551357,TraderOne_Hedge,Tick,191,225,-34,37,147000,146500,3938,-417938,14762,OK
61.766025,TraderOne_Hedge,Tick,191,225,-34,37,147000,146500,3938,-417938,14762,OK
61.982137,TraderOne_Hedge,Tick,191,232,-41,44,147000,146500,4144,-415344,15956,OK
62.221609,TraderOne_Hedge,Tick,191,232,-41,44,147000,146500,4144,-415344,15956,OK
62.450704,TraderOne_Hedge,Tick,191,242,-51,54,146700,146300,4438,-409638,19062,OK
62.716502,TraderOne_Hedge,Tick,191,242,-51,54,146700,146300,4438,-409638,19062,OK
62.995162,TraderOne_Hedge,Tick,201,242,-41,44,146800,146300,4291,-415491,15209,OK
63.255412,TraderOne_Hedge,Tick,201,242,-41,44,146800,146300,4291,-415491,15209,OK
63.552931,TraderOne_Hedge,Tick,201,242,-41,44,146800,146300,4291,-415491,15209,OK
63.715218,TraderOne_Hedge,Tick,201,242,-41,44,146800,146300,4291,-415491,15209,OK
63.984914,TraderOne_Hedge,Tick,201,242,-41,44,146800,146300,4291,-415491,15209,OK
64.294252,TraderOne_Hedge,Tick,211,242,-31,34,146700,146300,4585,-418785,13915,OK
64.47414,TraderOne_Hedge,Tick,211,242,-31,34,146700,146300,4585,-418785,13915,OK
64.710872,TraderOne_Hedge,Tick,211,242,-31,34,146700,146300,4585,-418785,13915,OK
64.985568,TraderOne_Hedge,Tick,211,242,-31,34,146700,146300,4585,-418785,13915,OK
65.262823,TraderOne_Hedge,Tick,211,242,-31,34,146700,146900,4585,-418785,28115,OK
65.478533,TraderOne_Hedge,Tick,211,242,-31,34,146700,146900,4585,-418785,28115,OK
65.768639,TraderOne_Hedge,Tick,211,242,-31,34,146700,146900,4585,-418785,28115,OK
66.034431,TraderOne_Hedge,Tick,221,242,-21,24,146600,146900,4438,-421638,23262,OK
66.236312,TraderOne_Hedge,Tick,221,242,-21,24,146600,146900,4438,-421638,23262,OK
66.511655,TraderOne_Hedge,Tick,221,242,-21,24,147300,146900,4438,-421638,14862,OK
66.709332,TraderOne_Hedge,Tick,221,242,-21,24,147300,146900,4438,-421638,14862,OK
66.989732,TraderOne_Hedge,Tick,231,242,-11,24,146500,146900,4291,-1890491,21409,OK
67.298511,TraderOne_Hedge,Tick,231,242,-11,24,146500,146900,4291,-1890491,21409,OK
67.456971,TraderOne_Hedge,Tick,231,242,-11,24,146500,146900,4291,-1890491,21409,OK
67.729978,TraderOne_Hedge,Tick,231,242,-11,24,146500,146900,4291,-1890491,21409,OK
67.957762,TraderOne_Hedge,Tick,231,242,-11,24,146500,146900,4291,-1890491,21409,OK
68.27389,TraderOne_Hedge,Tick,231,252,-21,34,147100,146900,4144,-1888344,17156,OK
68.531806,TraderOne_Hedge,Tick,241,252,-11,34,146500,146900,3997,-3357197,23703,OK
68.766419,TraderOne_Hedge,Tick,241,252,-11,34,146500,147200,3997,-3357197,30603,OK
69.017843,TraderOne_Hedge,Tick,241,252,-11,34,146500,147200,3997,-3357197,30603,OK
69.249408,TraderOne_Hedge,Tick,241,262,-21,44,147500,147200,3850,-3354050,27350,OK
69.54533,TraderOne_Hedge,Tick,241,262,-21,44,147500,147300,3850,-3354050,29650,OK
69.786156,TraderOne_Hedge,Tick,241,262,-21,44,147500,147300,3850,-3354050,29650,OK
70.00615,TraderOne_Hedge,Tick,241,262,-21,44,147500,147300,3850,-3354050,29650,OK
70.262461,TraderOne_Hedge,Tick,241,262,-21,44,147500,147300,3850,-3354050,29650,OK
70.507235,TraderOne_Hedge,Tick,241,262,-21,44,147500,147300,3850,-3354050,29650,OK
70.730887,TraderOne_Hedge,Tick,251,262,-11,44,146500,147300,3703,-4825903,37197,OK
70.970547,TraderOne_Hedge,Tick,251,262,-11,44,146500,147300,3703,-4825903,37197,OK
71.258758,TraderOne_Hedge,Tick,251,262,-11,44,146500,147300,3703,-4825903,37197,OK
71.510579,TraderOne_Hedge,Tick,251,262,-11,44,146500,147300,3703,-4825903,37197,OK
71.725369,TraderOne_Hedge,Tick,251,262,-11,44,146500,147300,3703,-4825903,37197,OK
72.017193,TraderOne_Hedge,Tick,251,262,-11,44,146500,147300,3703,-4825903,37197,OK
72.211888,TraderOne_Hedge,Tick,251,262,-11,44,146500,147300,3703,-4825903,37197,OK
72.461728,TraderOne_Hedge,Tick,251,262,-11,44,147500,147300,3703,-4825903,32797,OK
72.764889,TraderOne_Hedge,Tick,251,262,-11,44,147500,147300,3703,-4825903,32797,OK
72.978138,TraderOne_Hedge,Tick,251,262,-11,44,147600,147300,3703,-4825903,32797,OK
73.235089,TraderOne_Hedge,Tick,251,262,-11,44,147600,147300,3703,-4825903,32797,OK
73.467738,TraderOne_Hedge,Tick,251,262,-11,44,147600,147200,3703,-4825903,29497,OK
73.785168,TraderOne_Hedge,Tick,251,262,-11,44,147600,147200,3703,-4825903,29497,OK
73.971808,TraderOne_Hedge,Tick,251,262,-11,44,147600,147200,3703,-4825903,29497,OK
74.216811,TraderOne_Hedge,Tick,251,262,-11,44,147600,147200,3703,-4825903,29497,OK
74.533686,TraderOne_Hedge,Tick,251,262,-11,44,147600,147200,3703,-4825903,29497,OK
74.767761,TraderOne_Hedge,Tick,251,262,-11,44,147600,147200,3703,-4825903,29497,OK
74.979474,TraderOne_Hedge,Tick,251,262,-11,44,147600,147200,3703,-4825903,29497,OK
75.235595,TraderOne_Hedge,Tick,251,262,-11,44,147600,147400,3703,-4825903,36097,OK
75.537259,TraderOne_Hedge,Tick,251,262,-11,44,147600,147400,3703,-4825903,36097,OK
75.738261,TraderOne_Hedge,Tick,251,262,-11,44,147600,147400,3703,-4825903,36097,OK
75.95759,TraderOne_Hedge,Tick,251,262,-11,44,147600,147400,3703,-4825903,36097,OK
76.230868,TraderOne_Hedge,Tick,251,262,-11,44,147600,147400,3703,-4825903,36097,OK
76.546555,TraderOne_Hedge,Tick,251,262,-11,44,147600,147500,3703,-4825903,40497,OK
76.787297,TraderOne_Hedge,Tick,251,262,-11,44,147600,147600,3703,-4825903,44897,OK
76.986653,TraderOne_Hedge,Tick,251,262,-11,44,147600,147600,3703,-4825903,44897,OK
77.209216,TraderOne_Hedge,Tick,251,262,-11,44,147600,147600,3703,-4825903,44897,OK
77.502264,TraderOne_Hedge,Tick,251,262,-11,44,147600,147600,3703,-4825903,44897,OK
77.790541,TraderOne_Hedge,Tick,251,262,-11,44,147500,147600,3703,-4825903,45997,OK
78.041645,TraderOne_Hedge,Tick,251,262,-11,44,147500,147600,3703,-4825903,45997,OK
78.285,TraderOne_Hedge,Tick,251,262,-11,44,147500,147600,3703,-4825903,45997,OK
78.521232,TraderOne_Hedge,Tick,252,262,-10,43,147400,147600,3732,-4826032,46768,OK
78.747559,TraderOne_Hedge,Tick,252,262,-10,43,147400,147600,3732,-4826032,46768,OK
78.958725,TraderOne_Hedge,Tick,252,262,-10,43,147400,147600,3732,-4826032,46768,OK
79.266848,TraderOne_Hedge,Tick,262,262,0,43,147600,147600,4027,-6302327,44473,OK
79.526122,TraderOne_Hedge,Tick,262,262,0,43,147600,147600,4027,-6302327,44473,OK
79.768326,TraderOne_Hedge,Tick,272,262,10,43,147600,148500,4322,-7778622,89878,OK
80.026768,TraderOne_Hedge,Tick,282,262,20,43,147900,148400,4618,-9257218,87982,OK
80.228276,TraderOne_Hedge,Tick,292,262,30,43,147900,148400,4914,-10736514,90686,OK
80.485245,TraderOne_Hedge,Tick,292,262,30,43,147900,148400,4914,-10736514,90686,OK
80.71824,TraderOne_Hedge,Tick,292,262,30,43,147900,148400,4914,-10736514,90686,OK
80.980823,TraderOne_Hedge,Tick,292,262,30,43,147900,148400,4914,-10736514,90686,OK
81.301732,TraderOne_Hedge,Tick,292,262,30,43,147900,148200,4914,-10736514,76086,OK
81.490571,TraderOne_Hedge,Tick,292,262,30,43,147900,148400,4914,-10736514,90686,OK
81.76604,TraderOne_Hedge,Tick,302,262,40,33,148100,148400,5210,-10732810,92390,OK
82.029653,TraderOne_Hedge,Tick,302,262,40,33,148000,148400,5210,-10732810,92390,OK
82.223786,TraderOne_Hedge,Tick,302,262,40,33,148000,148400,5210,-10732810,92390,OK
82.502275,TraderOne_Hedge,Tick,312,262,50,23,148200,148800,5506,-10728106,124294,OK
82.748975,TraderOne_Hedge,Tick,312,262,50,23,148200,148800,5506,-10728106,124294,OK
83.033256,TraderOne_Hedge,Tick,312,262,50,23,148200,148800,5506,-10728106,124294,OK
83.276671,TraderOne_Hedge,Tick,312,262,50,23,148300,148800,5506,-10728106,124294,OK
83.489519,TraderOne_Hedge,Tick,312,262,50,23,148300,148800,5506,-10728106,124294,OK
83.759655,TraderOne_Hedge,Tick,312,262,50,23,148300,148800,5506,-10728106,124294,OK
84.011841,TraderOne_Hedge,Tick,312,262,50,23,148400,149000,5506,-10728106,138894,OK
84.218068,TraderOne_Hedge,Tick,312,262,50,23,148400,149000,5506,-10728106,138894,OK
84.466785,TraderOne_Hedge,Tick,312,262,50,23,148400,149000,5506,-10728106,138894,OK
84.745122,TraderOne_Hedge,Tick,312,262,50,23,148400,149200,5506,-10728106,153494,OK
85.036689,TraderOne_Hedge,Tick,312,262,50,23,148600,149200,5506,-10728106,153494,OK
85.233357,TraderOne_Hedge,Tick,312,262,50,23,148600,149200,5506,-10728106,153494,OK
85.526322,TraderOne_Hedge,Tick,312,262,50,23,148800,149200,5506,-10728106,153494,OK
85.70649,TraderOne_Hedge,Tick,312,262,50,23,148800,149200,5506,-10728106,153494,OK
85.96212,TraderOne_Hedge,Tick,312,262,50,23,148800,149600,5506,-10728106,182694,OK
86.253695,TraderOne_Hedge,Tick,312,262,50,23,148900,149600,5506,-10728106,182694,OK
86.484847,TraderOne_Hedge,Tick,312,262,50,23,148900,149600,5506,-10728106,182694,OK
86.735558,TraderOne_Hedge,Tick,312,272,40,33,149600,149600,5357,-10730957,189843,OK
86.964404,TraderOne_Hedge,Tick,312,272,40,33,149600,149600,5357,-10730957,189843,OK
87.2078,TraderOne_Hedge,Tick,312,272,40,33,149600,149600,5357,-10730957,189843,OK
87.456533,TraderOne_Hedge,Tick,312,272,40,33,149600,149700,5357,-10730957,193143,OK
87.72539,TraderOne_Hedge,Tick,312,272,40,33,149600,149700,5357,-10730957,193143,OK
87.979883,TraderOne_Hedge,Tick,312,272,40,33,149600,149500,5357,-10730957,186543,OK
88.269288,TraderOne_Hedge,Tick,312,272,40,33,149600,149500,5357,-10730957,186543,OK
88.530963,TraderOne_Hedge,Tick,312,272,40,33,149600,149200,5357,-10730957,168643,OK
88.762307,TraderOne_Hedge,Tick,312,272,40,33,149600,149100,5357,-10730957,161343,OK
89.000017,TraderOne_Hedge,Tick,312,272,40,33,149600,149100,5357,-10730957,161343,OK
89.213729,TraderOne_Hedge,Tick,312,272,40,33,149600,149100,5357,-10730957,161343,OK
89.506862,TraderOne_Hedge,Tick,312,272,40,33,149600,148900,5357,-10730957,146743,OK
89.779163,TraderOne_Hedge,Tick,312,272,40,33,149600,148900,5357,-10730957,146743,OK
89.983929,TraderOne_Hedge,Tick,312,272,40,33,149600,148900,5357,-10730957,146743,OK
90.234921,TraderOne_Hedge,Tick,312,272,40,33,149600,148900,5357,-10730957,146743,OK
90.470346,TraderOne_Hedge,Tick,312,272,40,33,149600,149100,5357,-10730957,161343,OK
90.790481,TraderOne_Hedge,Tick,312,282,30,33,148800,149100,5208,-9242808,144492,OK
90.998165,TraderOne_Hedge,Tick,312,292,20,33,149400,149100,5507,-7749107,157193,OK
91.287681,TraderOne_Hedge,Tick,312,297,15,38,149400,149100,5656,-7747756,157544,OK
91.47823,TraderOne_Hedge,Tick,312,297,15,38,149400,148900,5656,-7747756,146944,OK
91.730618,TraderOne_Hedge,Tick,312,302,10,43,149600,148900,5582,-7748182,145518,OK
92.010836,TraderOne_Hedge,Tick,312,306,6,47,149500,148900,5702,-7746702,146198,OK
92.210752,TraderOne_Hedge,Tick,322,306,16,37,148500,148900,5553,-7745553,142947,OK
92.454049,TraderOne_Hedge,Tick,322,306,16,37,148500,148900,5553,-7745553,142947,OK
92.743417,TraderOne_Hedge,Tick,322,306,16,37,148500,148900,5553,-7745553,142947,OK
92.991587,TraderOne_Hedge,Tick,322,306,16,37,148500,149200,5553,-7745553,158847,OK
93.29167,TraderOne_Hedge,Tick,322,306,16,37,148500,149200,5553,-7745553,158847,OK
93.508251,TraderOne_Hedge,Tick,322,306,16,37,148500,149200,5553,-7745553,158847,OK
93.742678,TraderOne_Hedge,Tick,322,306,16,37,148500,149200,5553,-7745553,158847,OK
94.016276,TraderOne_Hedge,Tick,322,306,16,37,148500,149200,5553,-7745553,158847,OK
94.250015,TraderOne_Hedge,Tick,322,306,16,37,148500,149200,5553,-7745553,158847,OK
94.491038,TraderOne_Hedge,Tick,322,306,16,37,148500,149200,5553,-7745553,158847,OK
94.795818,TraderOne_Hedge,Tick,322,306,16,37,148500,149200,5553,-7745553,158847,OK
95.046515,TraderOne_Hedge,Tick,322,306,16,37,148500,149200,5553,-7745553,158847,OK
95.206125,TraderOne_Hedge,Tick,322,306,16,37,148500,149200,5553,-7745553,158847,OK
95.547445,TraderOne_Hedge,Tick,322,306,16,37,148500,149200,5553,-7745553,158847,OK
95.71586,TraderOne_Hedge,Tick,322,306,16,37,148500,149200,5553,-7745553,158847,OK
96.02644,TraderOne_Hedge,Tick,322,306,16,37,148500,149200,5553,-7745553,158847,OK
96.210172,TraderOne_Hedge,Tick,322,306,16,37,148500,149200,5553,-7745553,158847,OK
96.510933,TraderOne_Hedge,Tick,322,306,16,37,148500,149200,5553,-7745553,158847,OK
96.783788,TraderOne_Hedge,Tick,322,306,16,37,148500,149200,5553,-7745553,158847,OK
96.984595,TraderOne_Hedge,Tick,322,306,16,37,148500,149200,5553,-7745553,158847,OK
97.243731,TraderOne_Hedge,Tick,322,306,16,37,148500,149200,5553,-7745553,158847,OK
97.496799,TraderOne_Hedge,Tick,332,306,26,27,149800,149600,5404,-7743404,190596,OK
97.764093,TraderOne_Hedge,Tick,332,306,26,27,149800,149800,5404,-7743404,195996,OK
97.976977,TraderOne_Hedge,Tick,332,306,26,27,149800,149900,5404,-7743404,198696,OK
98.222863,TraderOne_Hedge,Tick,332,306,26,27,149800,149800,5404,-7743404,195996,OK
98.503208,TraderOne_Hedge,Tick,342,306,36,27,149800,149800,5255,-9237255,200145,OK
98.75003,TraderOne_Hedge,Tick,342,306,36,27,149800,149800,5255,-9237255,200145,OK
99.0131,TraderOne_Hedge,Tick,342,306,36,27,149800,149900,5255,-9237255,202845,OK
99.223085,TraderOne_Hedge,Tick,342,306,36,27,149800,150100,5255,-9237255,208245,OK
99.514059,TraderOne_Hedge,Tick,343,306,37,27,149800,150000,5240,-9386940,205660,OK
99.796269,TraderOne_Hedge,Tick,343,306,37,27,149800,150000,5240,-9386940,205660,OK
99.991575,TraderOne_Hedge,Tick,343,306,37,27,149900,150000,5240,-9386940,209360,OK
100.20385,TraderOne_Hedge,Tick,343,306,37,27,149900,149900,5240,-9386940,206660,OK
100.451377,TraderOne_Hedge,Tick,343,306,37,27,149900,149900,5240,-9386940,206660,OK
100.758896,TraderOne_Hedge,Tick,343,306,37,27,149900,149900,5240,-9386940,206660,OK
101.014133,TraderOne_Hedge,Tick,343,306,37,27,149900,149900,5240,-9386940,206660,OK
101.235807,TraderOne_Hedge,Tick,353,306,47,17,149400,149900,5090,-9382790,196710,OK
101.520497,TraderOne_Hedge,Tick,353,306,47,17,149400,150100,5090,-9382790,209510,OK
101.788938,TraderOne_Hedge,Tick,353,306,47,17,149400,150100,5090,-9382790,209510,OK
101.999801,TraderOne_Hedge,Tick,353,306,47,17,149400,150100,5090,-9382790,209510,OK
102.213111,TraderOne_Hedge,Tick,353,306,47,17,149400,150100,5090,-9382790,209510,OK
102.518736,TraderOne_Hedge,Tick,353,306,47,17,149400,150100,5090,-9382790,209510,OK
102.799516,TraderOne_Hedge,Tick,353,306,47,17,149400,150300,5090,-9382790,222310,OK
103.040913,TraderOne_Hedge,Tick,353,306,47,17,149400,150300,5090,-9382790,222310,OK
103.274776,TraderOne_Hedge,Tick,353,306,47,17,149400,150300,5090,-9382790,222310,OK
103.480637,TraderOne_Hedge,Tick,353,312,41,23,150000,150300,5000,-9385100,221800,OK
103.70407,TraderOne_Hedge,Tick,353,312,41,23,150000,150300,5000,-9385100,221800,OK
103.965154,TraderOne_Hedge,Tick,353,312,41,23,150000,150400,5000,-9385100,228200,OK
104.24511,TraderOne_Hedge,Tick,353,312,41,23,150000,150200,5000,-9385100,219500,OK
104.480911,TraderOne_Hedge,Tick,353,312,41,23,150000,150200,5000,-9385100,219500,OK
104.769543,TraderOne_Hedge,Tick,353,312,41,23,150000,150200,5000,-9385100,219500,OK
104.993977,TraderOne_Hedge,Tick,353,312,41,23,150000,150200,5000,-9385100,219500,OK
105.277396,TraderOne_Hedge,Tick,353,312,41,23,150000,150200,5000,-9385100,219500,OK
105.511823,TraderOne_Hedge,Tick,353,312,41,23,150000,150200,5000,-9385100,219500,OK
105.736973,TraderOne_Hedge,Tick,353,312,41,23,150000,150200,5000,-9385100,219500,OK
105.960712,TraderOne_Hedge,Tick,353,312,41,23,150000,150300,5000,-9385100,221800,OK
106.269634,TraderOne_Hedge,Tick,353,312,41,23,150000,150500,5000,-9385100,234600,OK
106.484661,TraderOne_Hedge,Tick,353,312,41,23,150200,150500,5000,-9385100,234600,OK
106.799835,TraderOne_Hedge,Tick,353,312,41,23,150200,150400,5000,-9385100,232300,OK
107.03751,TraderOne_Hedge,Tick,353,312,41,23,150200,150300,5000,-9385100,230000,OK
107.297023,TraderOne_Hedge,Tick,353,312,41,23,150200,150300,5000,-9385100,230000,OK
107.476917,TraderOne_Hedge,Tick,353,312,41,23,150200,150400,5000,-9385100,232300,OK
107.78737,TraderOne_Hedge,Tick,353,312,41,23,150200,150400,5000,-9385100,232300,OK
107.962505,TraderOne_Hedge,Tick,353,312,41,23,150200,150400,5000,-9385100,232300,OK
108.242668,TraderOne_Hedge,Tick,353,312,41,23,150200,150300,5000,-9385100,230000,OK
108.486053,TraderOne_Hedge,Tick,353,312,41,23,150200,150100,5000,-9385100,225400,OK
108.737881,TraderOne_Hedge,Tick,353,312,41,23,149600,150100,5000,-9385100,209000,OK
109.037473,TraderOne_Hedge,Tick,353,312,41,23,149600,150100,5000,-9385100,209000,OK
109.287359,TraderOne_Hedge,Tick,353,312,41,23,149600,150100,5000,-9385100,209000,OK
109.480712,TraderOne_Hedge,Tick,353,322,31,33,150000,150100,4850,-9386950,216350,OK
109.758958,TraderOne_Hedge,Tick,353,332,21,43,150100,150100,5150,-9388250,218150,OK
109.955144,TraderOne_Hedge,Tick,353,342,11,53,150100,150100,5450,-9388550,217850,OK
110.298613,TraderOne_Hedge,Tick,353,342,11,53,150200,150400,5450,-9388550,234850,OK
110.500873,TraderOne_Hedge,Tick,353,342,11,53,150200,150500,5450,-9388550,240150,OK
110.724735,TraderOne_Hedge,Tick,363,342,21,53,150200,150700,5750,-10890850,254650,OK
111.046475,TraderOne_Hedge,Tick,373,342,31,53,150200,150600,6050,-12393150,247950,OK
111.203234,TraderOne_Hedge,Tick,373,342,31,53,150200,150600,6050,-12393150,247950,OK
111.498589,TraderOne_Hedge,Tick,373,342,31,53,150200,150600,6050,-12393150,247950,OK
111.743218,TraderOne_Hedge,Tick,373,342,31,53,150100,150600,6050,-12393150,247950,OK
111.980125,TraderOne_Hedge,Tick,373,342,31,53,150100,150600,6050,-12393150,247950,OK
112.293862,TraderOne_Hedge,Tick,373,342,31,53,150100,150500,6050,-12393150,239550,OK
112.518372,TraderOne_Hedge,Tick,373,342,31,53,150100,150400,6050,-12393150,231150,OK
112.793773,TraderOne_Hedge,Tick,373,342,31,53,150100,150700,6050,-12393150,256350,OK
113.042846,TraderOne_Hedge,Tick,383,342,41,43,150200,150700,6350,-12388450,258050,OK
113.290493,TraderOne_Hedge,Tick,383,342,41,43,150200,150500,6350,-12388450,241250,OK
113.478017,TraderOne_Hedge,Tick,383,342,41,43,150200,150500,6350,-12388450,241250,OK
113.711692,TraderOne_Hedge,Tick,383,342,41,43,150200,150500,6350,-12388450,241250,OK
114.02759,TraderOne_Hedge,Tick,383,342,41,43,150200,150500,6350,-12388450,241250,OK
114.270829,TraderOne_Hedge,Tick,383,342,41,43,150500,150600,6350,-12388450,257850,OK
114.49328,TraderOne_Hedge,Tick,383,342,41,43,150500,150500,6350,-12388450,253550,OK
114.713683,TraderOne_Hedge,Tick,383,342,41,43,150500,150500,6350,-12388450,253550,OK
114.952269,TraderOne_Hedge,Tick,383,342,41,43,150500,150900,6350,-12388450,274850,OK
115.269464,TraderOne_Hedge,Tick,383,342,41,43,150100,150500,6350,-12388450,241250,OK
115.477617,TraderOne_Hedge,Tick,383,342,41,43,150100,150500,6350,-12388450,241250,OK
115.785279,TraderOne_Hedge,Tick,383,342,41,43,150100,150500,6350,-12388450,241250,OK
116.034423,TraderOne_Hedge,Tick,383,352,31,53,150600,150400,6650,-12392750,247050,OK
116.278058,TraderOne_Hedge,Tick,383,352,31,53,150600,150500,6650,-12392750,252350,OK
116.530798,TraderOne_Hedge,Tick,383,352,31,53,150600,150800,6650,-12392750,268250,OK
116.776952,TraderOne_Hedge,Tick,383,352,31,53,150600,150500,6650,-12392750,252350,OK
117.00505,TraderOne_Hedge,Tick,383,352,31,53,150000,150500,6650,-12392750,239950,OK
117.224615,TraderOne_Hedge,Tick,383,352,31,53,150000,150500,6650,-12392750,239950,OK
117.53987,TraderOne_Hedge,Tick,383,352,31,53,150000,150300,6650,-12392750,223150,OK
117.754267,TraderOne_Hedge,Tick,383,352,31,53,150000,150300,6650,-12392750,223150,OK
118.007917,TraderOne_Hedge,Tick,383,352,31,53,150000,150300,6650,-12392750,223150,OK
118.296576,TraderOne_Hedge,Tick,383,362,21,63,150300,150500,6500,-12394600,243200,OK
118.519259,TraderOne_Hedge,Tick,383,369,14,63,150500,150500,6711,-11341311,247189,OK
118.723716,TraderOne_Hedge,Tick,383,369,14,63,150500,150400,6711,-11341311,240889,OK
119.024878,TraderOne_Hedge,Tick,383,369,14,63,150500,150300,6711,-11341311,234589,OK
119.247222,TraderOne_Hedge,Tick,383,369,14,63,150500,150300,6711,-11341311,234589,OK
119.490569,TraderOne_Hedge,Tick,383,369,14,63,150500,150300,6711,-11341311,234589,OK
119.731635,TraderOne_Hedge,Tick,383,369,14,63,150200,150100,6711,-11341311,217789,OK
119.95797,TraderOne_Hedge,Tick,383,369,14,63,150200,150100,6711,-11341311,217789,OK
120.297074,TraderOne_Hedge,Tick,383,369,14,63,150200,150600,6711,-11341311,250689,OK
120.527339,TraderOne_Hedge,Tick,389,369,20,63,150200,150600,6891,-12242691,251109,OK
120.709207,TraderOne_Hedge,Tick,389,369,20,63,150200,150600,6891,-12242691,251109,OK
121.041472,TraderOne_Hedge,Tick,389,369,20,63,150200,150600,6891,-12242691,251109,OK
121.202106,TraderOne_Hedge,Tick,399,369,30,63,150000,150600,6741,-13745541,251259,OK
121.48433,TraderOne_Hedge,Tick,399,369,30,63,150000,150600,6741,-13745541,251259,OK
121.721622,TraderOne_Hedge,Tick,399,369,30,63,150000,150600,6741,-13745541,251259,OK
122.046427,TraderOne_Hedge,Tick,409,369,40,63,150100,150600,6591,-15246391,253409,OK
122.247998,TraderOne_Hedge,Tick,409,369,40,63,150100,150600,6591,-15246391,253409,OK
122.528685,TraderOne_Hedge,Tick,409,369,40,63,150100,150500,6591,-15246391,243109,OK
122.732084,TraderOne_Hedge,Tick,409,369,40,63,150100,150500,6591,-15246391,243109,OK
122.967323,TraderOne_Hedge,Tick,409,369,40,63,150100,150500,6591,-15246391,243109,OK
123.262148,TraderOne_Hedge,Tick,409,369,40,63,150100,150400,6591,-15246391,232809,OK
123.52075,TraderOne_Hedge,Tick,409,369,40,63,150100,150400,6591,-15246391,232809,OK
123.734252,TraderOne_Hedge,Tick,409,379,30,73,150400,150400,6441,-15249241,241959,OK
124.033183,TraderOne_Hedge,Tick,409,389,20,83,150400,150400,6291,-15251091,240109,OK
124.263227,TraderOne_Hedge,Tick,409,399,10,93,150600,150400,6592,-15252392,240808,OK
124.525627,TraderOne_Hedge,Tick,409,399,10,93,150600,150400,6592,-15252392,240808,OK
124.718167,TraderOne_Hedge,Tick,409,399,10,93,150600,150400,6592,-15252392,240808,OK
125.030451,TraderOne_Hedge,Tick,409,399,10,93,150600,150400,6592,-15252392,240808,OK
125.228514,TraderOne_Hedge,Tick,409,399,10,93,150600,150400,6592,-15252392,240808,OK
125.468324,TraderOne_Hedge,Tick,409,399,10,93,150400,150400,6592,-15252392,238808,OK
125.796421,TraderOne_Hedge,Tick,409,399,10,93,150400,150700,6592,-15252392,266708,OK
126.050897,TraderOne_Hedge,Tick,409,399,10,93,150400,150700,6592,-15252392,266708,OK
126.203097,TraderOne_Hedge,Tick,409,399,10,93,150400,150900,6592,-15252392,287308,OK
126.47051,TraderOne_Hedge,Tick,419,399,20,83,150500,151200,6893,-15248693,318907,OK
126.77989,TraderOne_Hedge,Tick,429,399,30,73,150500,151000,7194,-15244994,299006,OK
126.977211,TraderOne_Hedge,Tick,429,399,30,73,150500,151000,7194,-15244994,299006,OK
127.248787,TraderOne_Hedge,Tick,429,399,30,73,150500,151000,7194,-15244994,299006,OK
127.451183,TraderOne_Hedge,Tick,429,399,30,73,150500,150700,7194,-15244994,271106,OK
127.710755,TraderOne_Hedge,Tick,429,409,20,83,150400,150400,7495,-15247295,243905,OK
128.037687,TraderOne_Hedge,Tick,429,419,10,83,150700,150300,7796,-13743596,237304,OK
